date,agenda,speechnumber,speaker,party,text
2019-02-28,Devolved Administrations: Talks [Oral Answers to Questions > Exiting the European Union],37,Marion Fellows,SNP,"Given that the shadow Secretary of State for Scotland has supported a differentiated deal for Scotland in the event that Scotland is removed from the single market by the UK, and given that the Government support a differentiated deal for Northern Ireland, will the Secretary of State confirm that a similar option would be possible for Scotland?"
2016-06-15,EU Membership: Economic Benefits,171,John Martin McDonnell,Lab,"There is a desperate need for long-term, patient investment in our manufacturing base in order to develop an industrial strategy. The threat of Brexit is undermining those who make the decisions about that long-term, patient investment, and Brexit would be a disaster for recreating our manufacturing base in this country."
2018-11-28,Leaving the EU: Economic Analysis,230,Mel Stride,Con,"The hon. Gentleman is right to say that there are figures of that nature in this report, because it is an honest and open report about the implications of all the possible outcomes. However, we have to compare that with no deal, or with the EEA or an average FTA deal. We have negotiated with the European Union and we have to deal with politics not just as perpetual opposition but as the art of the possible and the art of doing a deal that will be good for this country, safeguard our economy and deliver on those things that the referendum result told us in 2016."
2018-07-17,Trade Bill,329,Jonathan Djanogly,Con,"We are clearly in a very much better situation now with this Bill's regulation scrutiny provisions than after the Second Reading in this House, and on that basis my recommendation will be that hon. Members do not vote for my new clause 6 or my amendments 6, 7, 8, 9 and 10, but that they vote for the alternative Government amendments, new clauses 12, 13 and 14 and all their tabled amendments to clause 2. If the Government amendments pass, Henry VIII will have been banished from this Bill and a sensible compromise scrutiny system will have been inserted. The Government have listened and done the right thing and we should support them for that, but there are still issues, so let me explain my thinking. This Bill applies to around 40 existing EU trade-related agreements involving some 70-plus third countries. This actually also includes some agreements that are concluded but are still due to be implemented, which I shall call collectively FTAs. It is estimated that 10 of the UK's top 50 export markets are served by these EU FTAs, accounting for 35% of UK trade. I can therefore understand why the Government are keen for the UK to adopt these FTAs post Brexit, or €roll them over” in the terminology used by Ministers. In addition, I understand the practicalities of the situation: the Government have limited negotiating capacity and the idea of dealing with all of these 70 third countries and starting deals from scratch is undoubtedly unrealistic in the immediate term. Indeed, the average time for negotiating an FTA is seven years and the recent Canada deal took more like 15 years. So I understand that there is a lot at stake here for the UK, and I appreciate that the International Trade Department is under a lot of pressure to deliver. Having said that, I do not think that the Department has covered itself in glory in its handling of these roll-overs. To start, I would make the point that we have been given a wall of silence. The International Trade Committee back in March asked the then Minister to prioritise these negotiations more, to publish a detailed timetable of the work-streams involved, to produce a risk register identifying clearly the agreements concerned and to have contingency plans even for where third countries have only given an assent in principle. It took the Government until 15 May to respond to the Committee report, and to call their response bland and non-committal would be an understatement. In the meantime, various leaks and rumours have been appearing, maintaining that some of the negotiations with third countries have not been going quite according to plan and that the EU has not been as helpful as the Ministers had originally thought it might be. This would include the EU telling us that it will not ask its FTA trade partners to allow the UK to benefit from their existing deals until the UK signs the final legal text of the Brexit deal. That could leave us with only a few months up to next March in which to negotiate the roll-overs. Given all this, I have some sympathy with new clause 16, tabled by the hon. Member for Swansea West (Geraint Davies), which demands further details of the status of these proposed roll-over deals, and the Minister should acknowledge the frustration on this that is shared by everyone outside his own Department. We have received vague assurances from the Department that the roll-over discussions are going according to plan and that everything will be all right on the night. We are also being told that the Government need to have this legislation in place so that they can action the roll-overs, and that they need the regulatory powers to make this happen quickly if need be, including in the situation of our Brexiting with a no-deal scenario. I am trying to show that the Government have asked for sweeping Henry VIII powers while keeping people pretty much in the dark as to what they might be needed for, and while providing little hard evidence of what has been achieved to date. Of course, UK business has also been crying out to know where we stand as regards these important overseas markets. I hope that the Government are right and that the roll-overs will take place as planned with no or few changes, but that does not mean that it would be acceptable that any material changes to the deals should just be waved through by Ministers without any parliamentary scrutiny. For instance, let us say that one of the EU third countries with which we wish to roll over a deal says, €Yes, we agree that you can roll over, but let's face it, you are a market of only 50 million people rather than 500 million, so we'll agree to roll over, but only on condition that we also get 50,000 visas a year.” Under the Bill, that could be pushed through by Ministers on a negative order with no scrutiny at all. By the way, I do not see this as a remain argument or a leave argument; I see that as simply wrong. If Brexit is about returning power to Parliament, it is surely not about then just giving Ministers sweeping new powers, not least in a scenario where so little information has been given to hon. Members. The Government have been maintaining that they wish to use these powers to roll over existing EU deals before possibly coming back to renegotiate substantive deals with the same countries, which would be subject to a scrutiny process yet to be proposed. However, I do not see why these same powers should not be capable of being used again after roll-over to make further changes to the same FTA during the five-year period-a sunset period which, with a possible further five-year extension, is in my opinion much too long. All those reasons led me to think that we have a real problem with these provisions and I therefore tabled my amendments, looking for a triage and scrutiny system. However, since tabling the amendments, I have had an ongoing dialogue with Ministers, including my right hon. Friend the Member for Chelsea and Fulham (Greg Hands) and more recently the Minister for Trade Policy, my hon. Friend the Member for Meon Valley (George Hollingbery). Discussions have been courteous and positive, and I am pleased to say that the Government have listened and tabled their own amendments-I think more than 40 of them-to clause 2. This will mean that the first proposed statutory instruments related to an FTA will need to be laid not less than 10 sitting days after the issuing by a Minister of an explanatory report. The changes proposed in the report will then be cross-referred to in the related SI's explanatory memorandum. Further, it is now proposed that all related SIs will be subject to the affirmative procedure, however material or immaterial they may be. This effectively takes away any need for sifting provisions. Finally, the sunset period is proposed to be cut from five to three years, plus up to a possible further three years following an affirmative resolution."
2017-12-05,EU Exit Negotiations,259,Heidi Alexander,Lab,"I put it to the Secretary of State that his Government's dogmatic insistence on pulling us out of the single market and the customs union threatens not only our future jobs, rights and prosperity, but the future territorial integrity of our country. When he looks back in a few years' time and reflects on his role in creating this mess, how does he think he will feel?"
2017-09-06,National Shipbuilding Strategy,228,Nia Griffith,Lab,"I thank the Secretary of State for his statement, and for advance sight of it. I welcome the fact that this strategy has finally been published-we all want a secure future for this country's world-class shipbuilding industry, and this represents a step in the right direction-but may I ask the Secretary of State why on earth it has taken so long? He announced this strategy more than two years ago, and Sir John Parker's report to inform it was out last November. We were told we would finally see the strategy in the spring, and back in May the defence procurement Minister, the hon. Member for West Worcestershire (Harriett Baldwin), said that it was ready, so why have the shipbuilding industry and its workers been kept waiting for so long? The strategy repeats the Government's stated aim of bringing the Type 31e frigates into service from 2023. As that is just six years away, will the Secretary of State set out more detail of the timetable? When will the contract be put out to tender, and when does he hope to announce the successful bidder? What discussion has he had with the industry about whether the £250 million cap for the Type 31e is achievable? We know that the defence budget is already under considerable strain, so what contingency is in place in case costs overrun? The Government's commitment to a shipbuilding strategy must be complemented by a comprehensive industrial strategy. We need more than warm words, so may I ask the Secretary of State how he intends to maximise opportunities for the UK supply chain? Will he, when determining best value, commit to giving weight to the positive impact on local economies and employment opportunities in awarding contracts? The news that only 50% of the steel in the Type 26s is UK sourced is disappointing. How do the Government intend to improve on that for future contracts? The strategy rightly focuses on the export opportunities for UK shipbuilding, and orders from overseas will be important in ensuring steady work for shipyards across the UK. Given the fierce global competition, what strategies will the Secretary of State implement to secure orders from foreign buyers? We must ensure that uncertainty surrounding Brexit does not dissuade companies from operating here, or our allies from wanting to buy British. What active steps are the Secretary of State and his ministerial colleagues taking to facilitate the best possible operating conditions so that British and European defence companies are not deterred from investing here? As well as investing in our naval fleet, we must invest in the men and women who serve in our Royal Navy. We know that there is a crisis in recruitment and retention across the three forces, with the Navy currently under strength and the Government on course to miss their target on personnel numbers. Will the Secretary of State set out specific steps to ensure that that sorry situation does not continue?"
2018-05-23,Leaving the EU: Higher Education in Wales,591,Hywel Williams,PlaidCymru,"The hon. Gentleman makes a very telling point-the effects are with us already, even though we are still in. There are also effects that are not so apparent in facts and figures, which are to do with the morale of lecturers and students from abroad and perhaps even their commitment to their work, in the face of offers that they might get from universities outside Wales and outside the UK. That effect is beginning to make itself apparent. In fact, it is one of the early signs of the impending Brexit vote hangover. The Welsh Labour Government should give EU students who are starting courses in Wales now or in the near future some guarantees-for example on fees, loans and grants-to reassure them that Wales welcomes them to study and to contribute. The Welsh Labour Government should do that, but whether they will is yet another Welsh Labour mystery. I come to the last pillar for today's debate-staff from the EU who have chosen to research and teach in Wales. We have universities and individual departments of outstanding quality. That is no accident. We have built on our strengths, and EU staff and staff from other countries have been attracted here because of those strengths. The latest information I have shows that there are 1,355 staff from the EU at Welsh universities. They need to be reassured that they have a future with us, working at the forefront of their fields and building Wales's future. I have some brief questions for the Minister. What representations have the Welsh Government made regarding the design and implementation of the UK shared prosperity fund? I think we would all be glad to hear something about that. What representations have the Welsh Government made regarding Wales's future participation in Horizon 2020 and Erasmus+? What discussions have Welsh Office Ministers had with the Home Secretary about immigration arrangements for EU students who might want to study in Wales? What assurances can the Minister give me that universities in Wales will still be able to attract and retain talented academics from the EU? Lastly and perhaps most importantly, will he give a guarantee that Wales will receive €not a penny less” after we leave the EU? He will recognise those words, as they were a promise by the Leave campaign. We have great strength in our universities. We would be foolish in the extreme to allow a political vote, or a petty, clueless, split and confused Government here in London and a somewhat indifferent, somnolent one in Wales, to drag them down."
2018-06-21,EU Settlement Scheme,381,Caroline Nokes,Con,"The hon. Gentleman has raised a large number of points, and alongside him I recognise that post referendum there have been anxieties for EU citizens living in the UK. That is why we are bringing forward details of the settled status scheme. We want to continue our work with-among others-the3million group, to allay those fears. It is crucial to me and the entire Government that we send the clear message that EU citizens living here are welcome. We recognise the contribution that they make to our communities, and we want them to stay. That is why we have brought forward details of the scheme, and I commend to the hon. Gentleman the statement of intent that contains many of those details. The hon. Gentleman raised specific points about vulnerable people, and he was right to do so. We all have anxieties about the most vulnerable in our society, who may well need assistance. UK Visas and Immigration already has assisted digital schemes, and we want to roll those out to community groups and organisations that already work in local areas, so that support is there for people who may find a digital process difficult. He mentioned iPhones and the chip-checker. The digital application will be available on any computer, tablet or smartphone, but the chip-checker is currently available only on Android. I reassure the hon. Gentleman that the Home Secretary has recently raised that matter with Apple, because of course we would like the chip-checker to work on everything. There will, however, be facilities for those who wish to carry out the process on their smartphone-that process can be saved at every point, and people can then verify their documents in a contact centre or through many of the partner organisations with which we are currently working. The hon. Gentleman rightly mentioned that 3.3 million EU citizens live in the UK. That is why we are moving to a private beta testing mode-we need assurance that the system will work, and then to have a phased roll-out. That is very important. We must also reflect that EU citizens have every right to be here, and they will continue to have those rights until the end of December 2020. For two and half years people will be able to register, and we will encourage them to do so. Importantly, this is the first publication of the scheme, and it gives the statement of intent. We then have a long period before the scheme launches next spring, so that we can be confident we have it right. I do not pretend that this is not a learning process; this is the largest exercise on this scale, and we are determined to listen to our partner organisations, and to citizens groups, to ensure that we make this a success for those EU citizens, who are so important to us."
2019-01-07,EU Withdrawal Agreement: Legal Changes,287,Ian Murray,Lab,"It is nearly a month since the Government pulled the original meaningful vote, so can the Secretary of State tell the House and the country what percentage of the EU withdrawal agreement or the political declaration will have changed by the time we recommence that debate on Wednesday?"
2015-09-07,European Union Referendum Bill,542,Pat McFadden,Lab,"This is a very broad debate, covering a number of issues. I want to set out our views on the amendments that we have tabled. Amendment 17 and associated amendments 18 and 19 deal with the ability of 16 and 17-year-olds to vote in the referendum. I do not propose to go over all the territory covered in Committee about 16 and 17-year-olds having the vote, but I want to make one or two specific points about why it is important for this referendum. The referendum will be a major constitutional decision that will have a bearing on Britain's future for decades to come. None of us expects it to be a regular event like local elections, elections to Assemblies, or elections to this House. It has been 40 years since the last such referendum and such a vote on our constitutional future is a once-in-a-generation decision. The result will affect every young person in the UK for decades to come. At the moment, British citizens have the right to live, work and study in any EU member state. One of the main motivations-if not the main motivation-for those seeking to leave the European Union is to end the principle of free movement of people and to impose stricter controls on immigration. In the context of our leaving and restrictions coming into play, it is hard to see how such a move would not be reciprocated towards our own citizens and their ability to live, work and study in the remaining European Union. The rights, opportunities and freedoms of young people for decades to come are very much on the ballot paper in this referendum."
2016-07-19,EU Referendum: UK-Ireland Border,593,Margaret Ritchie,SDLP,Does my hon. Friend agree that we are now in a unique situation in that Northern Ireland is being taken against our will out of the European Union while the other part of the island-Ireland-will remain part of it? That is the issue that presents difficulty for us.
2017-12-13,European Union (Withdrawal) Bill: Economy [Oral Answers to Questions > Wales],11,Alun Cairns,Con,"I am grateful to my hon. Friend for making that important point. He recognises that Wales voted to leave the European Union, as did the UK, and that we have an obligation to respond properly to that result while also respecting the constitutional settlement. The European Union (Withdrawal) Bill does that, but we are working closely with the Welsh Government to ensure that it meets Wales's needs."
2016-11-07,Exiting the EU and Workers' Rights,580,Matthew Pennycook,Lab,"It is a pleasure to follow the hon. Member for Strangford (Jim Shannon) and to contribute to the first of an important series of debates. We have heard a number of thoughtful contributions from Members on both sides of the House and from all parts of the United Kingdom, but I want to pick out four in particular. My right hon. Friend the Member for Leeds Central (Hilary Benn) spoke with his usual eloquence, setting out a very detailed case with questions and points that I hope the Minister will respond to. My hon. Friend the Member for Great Grimsby (Melanie Onn) made a very thoughtful speech. She should be commended for the ten-minute rule Bill she introduced a few weeks back, which raised lots of the concerns that have been aired today. My hon. Friend the Member for Ellesmere Port and Neston (Justin Madders), who brings a considerable amount of expertise to the debate, rightly raised concerns about the Government's intentions in this area. I must also single out the right hon. Member for Broxtowe (Anna Soubry), who is not in her place at the moment. I did not agree with everything she said, but she spoke with her customary candour and robustness, and brought an important set of views to the debate. There has been a fair amount of consensus on the view that our membership of the European Union has played an important role in protecting working people, particularly women, from exploitation and in combating discrimination, and has acted as a vital bulwark against pressure for the further deregulation of our labour market. Of course, it is right to argue, as many Conservative Members did, that in some areas where the EU has legislated, the UK already had laws in place, such as on equal pay and maternity rights, and we have indeed gone further in a number of areas. Even so, EU action has improved and extended a wide range of rights and delivered stronger protection with regard to equal pay for women, workplace discrimination, equal treatment at work for agency workers, rules limiting working time, health and safety protections, and a host of other essential safeguards. Britain has one of the most lightly regulated workforces in the OECD. As my hon. Friend the Member for Norwich South (Clive Lewis) said, many of us would like to go further on employment protections to adjust to the changes we are seeing in our economy and in our labour market. As a minimum, the Government have a duty to maintain and protect the floor of rights that workers currently enjoy, which are underpinned by EU law. There is also good reason to believe that that is what British workers, and the majority of remain and leave voters, expect. In a TUC poll carried out in the wake of the referendum, the vast majority of remain and leave voters backed, by considerable margins, safeguarding vital rights such as maternity leave and protection against discrimination at work. That is important because, as my hon. Friend the Member for Feltham and Heston (Seema Malhotra) argued, this is ultimately about who wins and who may lose from Brexit. We have heard a number of pledges from the Secretary of State and other Conservative Members that reiterate those made by senior leave campaigners during the referendum. I want to be very clear that those pledges are welcome. However, Conservative Members protest too much when they disparage our very real concerns that in the process of bringing EU-related law into domestic effect, parts of that legislation may be chipped away and watered down. The record of this Government and of the previous coalition Government, whether on increasing the qualifying period before individuals are able to claim unfair dismissal or introducing fees to access employment tribunals, gives cause for concern. I do not doubt in any way that there is a genuine Conservative tradition of social reform. Nevertheless, I hope that Conservative Members can understand why some of us are concerned, not least given the comments made by some senior leave campaigners, including some who are now members of the Cabinet. However, let us take the Government's pledge at face value. I am willing to do that, and I am sure that the Minister will further clarify the position. That said, the form and details of the mechanism by which those workers' rights are transposed into British law is important, as the right hon. Member for Broxtowe has said, and Members have raised a number of concerns. I hope that the Minister will provide further detail on them. First, a number of hon. Members have pointed out that UK laws that derive from EU law and have been implemented not by primary legislation but by regulation-from protections relating to the transfer of staff to new companies, to maximum hours of weekly work-are more vulnerable in the process that we are about to undertake. We have heard conflicting messages from the Government. I recently wrote to the Minister, asking him specifically whether the repeal Bill-I think that, technically, that is its correct title, rather than the great repeal Bill-would give effect to 18 EU directives and regulations in domestic legislation. He replied that the Government will convert existing EU law into domestic law, €wherever practical”. There is a discrepancy between that reply and what we have heard today, so it would be useful if that was cleared up. When he winds up, the Minister has another chance to confirm how workers' rights that derive from EU law and have been implemented by regulation will be given domestic effect by the repeal Bill. Will he confirm, as a number of my hon. Friends have asked, whether they will be underpinned by primary legislation? It would also be useful if he touched on those EU directives and regulations that may come into force in the next two years, as we negotiate an exit, and whether they will be introduced as primary legislation. Secondly, a number of hon. Members have raised concerns about what the Government intend to do to protect workers' rights that derive from rulings of the European Court of Justice, including those on equality and working time, and the Court's recent decision that the calculation of workers' entitlement to holiday pay should include earnings from bonuses, commissions and overtime payments. The Prime Minister has been clear that her vision of Brexit involves the UK leaving the jurisdiction of the ECJ, so it would be useful to know the Government's intentions with regard to those employment rights that have been given greater legal strength as a result of ECJ case law, and how and whether they will be enshrined in the forthcoming repeal Bill. Thirdly, this may be a minor point, but primary legislation influenced by EU law will not be automatically repealed once we leave the EU, but it could be modified. For example, the Equality Act 2010, which was opposed by the Conservative party, could be amended to introduce a cap on compensation for discrimination claims, as contemplated by the coalition Government-commissioned Beecroft report in 2011. Will the Minister confirm that it is not the Government's intention to use Brexit to repeal or amend vital rights delivered by previous Governments? Finally, the Minister needs to rule out the possibility of any attempt by the repeal Bill and the Brexit process to time-limit existing workers' rights. Pledges have been made and we have heard denials of the proposal of the right hon. Member for Welwyn Hatfield (Grant Shapps) to insert a sunset clause in the repeal Bill. Support for that proposal may be confined to a minority consisting of just the right hon. Gentleman, but I suspect that other Government Members share his view. It would be useful to know how the Government intend to get the repeal Bill through without amendments and without time-limiting any of the legislation so that, although it might be amended by a future Government, all existing workers' rights given effect by EU law will be pulled over for the remainder of this Parliament. My right hon. Friend the Member for Leeds Central raised a number of points about the impact of the negotiations on workers' rights and employment regulations. How will our potential access to the customs union free market on whatever terms that the Government may secure influence employment rights? It would also be useful to hear from the Minister about the impact that any transitional arrangement with the European Union would have. I disagree with my hon. Friend the Member for Swansea West (Geraint Davies). Like the vast majority of my fellow Labour Members, I accept that the British public voted to leave the European Union and the democratic imperative that that vote created. In voting to exit the EU, however, the British public did not vote for any diminution or dilution of their employment and workplace health and safety rights. If any of those existing rights are lost or watered down in the process of Brexit, it will be seen as a gross betrayal. Labour will keep a close eye on how the Government bring those rights across, and I look forward to hearing the Minister's wind-up."
2019-04-03,Business of the House,429,Mark Harper,Con,"No, I fundamentally disagree, for this reason. I will give the hon. Lady a couple of examples. First, I suspect that there are many people-I do not know this, but it is my assumption-who supported the Cabinet's withdrawal agreement and political declaration who, if we attached a referendum to it, would no longer support it, because those of us on the Conservative Benches made a commitment to implement the result of the referendum. Indeed, when the hon. Lady stood for election on these Benches, she made the same commitment, I believe. The public made a decision-it was a once-in-a-generation decision-to leave the European Union. That is what I want to deliver, and I promised not to have another referendum. If we added on a referendum, people who have currently supported the proposition would no longer support it. I for one will not vote for another referendum. There is also something that I have spotted. It is no surprise to me that those who want to remain in the European Union want to have a binary choice between the Cabinet's deal and remain, because they have spotted that the proposition put forward by the Government is very unpopular in opinion polls. They have also noticed that many people who campaigned for leave do not believe that it is really leaving, and they think that if that is the binary choice presented to the public, it will be the best opportunity to get remain. They do not want a referendum with a range of choices. For my part, the only referendum that would be even vaguely justifiable is one that accepted that the public had asked to leave and simply gave them the choices of how to leave. That might be defensible, but nothing else."
2018-09-04,Brexit Negotiations and No Deal Contingency Planning,370,Dominic Raab,Con,"We are absolutely clear that we want to ensure that we get a good deal for all quarters of the UK. I have been clear, and was again today, that a no deal scenario certainly has risks, which is why it is not our preferred outcome. Our overriding priority is a good deal for the UK and the EU, but we need to be prepared for all eventualities and to be able to manage the short-term disruption. Irrespective of the outcome of the negotiations, I am confident that Britain can go from strength to strength."
2018-02-28,Northern Ireland and the Republic of Ireland: Border Arrangements,200,David Lidington,Con,"I am afraid that that is not a question that I can readily answer. However, it is important that the Commission recognises, as the Prime Minister said earlier, that as far as the Government are concerned, whichever side those of us around the Cabinet table voted or campaigned for during the EU referendum, our commitment to the Union of the United Kingdom is absolute. There is no division whatsoever on that matter, and I hope that our negotiating partners understand that."
2015-06-29,Greece,340,Catherine West,Lab,"Will the Chancellor confirm that a solution to the Greek financial crisis depends on a long-term political negotiation to keep Greece in the EU, that our Government have an active role to play in that, and that failure to agree a political settlement will undermine any future argument we might wish to pursue for the integrity of the European Union as a whole?"
2019-02-27,UK's Withdrawal from the EU,423,Bill Cash,Con,"To reply immediately to the right hon. Member for Leeds Central (Hilary Benn), it is not actually the duty of this House to surrender parliamentary government to government by Parliament. In fact, that is well established in our constitutional arrangements. Furthermore, any attempt by shenanigans to rearrange the procedures to give private Members' Bills an advantage over Government business is itself reprehensible for that very good reason. I want to turn to another question, which is to do with the issue of control over laws. I think it is very important for every Member of this House to ask themselves whether they would be prepared to tell their constituents that, under article 4 of the withdrawal agreement, we would be expected-in fact, we would be required by an Act of Parliament-to surrender control over our laws. If people have not had the time or perhaps the opportunity to read article 4, may I suggest that they do so? To do otherwise would be utterly and completely irresponsible."
2018-09-04,Brexit Negotiations and No Deal Contingency Planning,317,Nigel Dodds,DUP,"I sometimes wish that people would actually travel the road from Belfast to Dublin and Dublin to Belfast because people already pass camera infrastructure on the border. As the right hon. Member for North Shropshire (Mr Paterson), a former Secretary of State for Northern Ireland, said, there is already a currency, excise and other border between Northern Ireland and the Irish Republic. The fact is that there are people in this House, the European Union and the Irish Republic who are using the issue of the Irish border-and, more despicably, the Irish peace process and political process-either to thwart Brexit or to mould it in their own way. The reality is that this House would never accept any kind of backstop that created regulatory or other differences between Northern Ireland and the rest of the United Kingdom because that would constitutionally break up the United Kingdom. Will the Secretary of State reassure the House that he will stick to that going forward?"
2018-06-20,Article 50 Negotiations [Oral Answers to Questions > Northern Ireland],70,Shailesh Vara,Con,"As I said earlier, we will not be giving an ongoing commentary on all our meetings. However, I can assure the hon. Gentleman that we have the implementation period until the end of December 2020, and then the backstop agreement, but only if that is required under specific circumstances, and no more."
2018-07-17,Trade Bill,409,Stephen Hammond,Con,"It is a great pleasure to speak on Report and I rise to support new clause 9, amendments 20 and 21 and new clause 18. Let me start briefly with new clause 9. We are leaving the European Union and I accept the result of the referendum, but that referendum did not tell this House and this Parliament how we should do so. That is what Parliament is here to decide and what it is going to do. I think the Common Market principles are the best way to leave the EU. The Common Market principles that I am referring to are the removals of barriers for trade between the United Kingdom and the EU and the protection and development of complex supply chains across the continent, which will protect, as my right hon. Friend the Member for Broxtowe (Anna Soubry) said yesterday, the jobs and livelihoods of our constituents. As we leave the European Union, I believe that should be the key priority of this House. New clause 9 refers to the European economic area and the European Free Trade Association. EEA and EFTA members incorporate most of the single market regulations. Most goods are not checked for compliance with EU regulations at the border and I think that would go a long way to mitigate complex supply chains and the Irish border issue, as well as the potential congestion at UK ports. That is one reason I support the White Paper; it refers to a common rulebook."
2019-04-01,Leaving the European Union,635,Chris Heaton-Harris,Con,"Perhaps the hon. Lady missed the email update last week to 19,000 doctors by Professor Russell Viner, president of the Royal College of Paediatrics and Child Health, who said:€I know that many of you will have been watching the news about Brexit...with feelings of uncertainty and increasing alarm...I have been considerably reassured by governments' preparations relating to medicines supplies...governments, the Medicines and Healthcare products Regulatory Agency and the NHS have been working hard behind the scenes...and we believe that our medicine supplies are very largely secured”. His biggest concern was panic buying. As far as I am aware-I will happily take this up with the hon. Lady offline-NDAs have not been a practice of no-deal preparation for quite some time. I will happily correspond or have a conversation with her afterwards about that, because if she has concerns I would like to bring them into the open a tiny bit."
2016-10-20,Welsh Economy [Oral Answers to Questions > Exiting the European Union],25,David Davis,Con,"No, because the Government's aim is to maintain the freest and most barrier-free access to the single market that we can obtain. That is the aim, and parts of the kingdom such as Wales are very much at the forefront of our thoughts in that strategy."
2018-12-19,Engagements [Oral Answers to Questions > Prime Minister],93,Jeremy Corbyn,Lab,"We should have had the vote a week ago. The Prime Minister denied Parliament the opportunity to have that vote and she is still unclear as to when it will actually take place. There are no meetings of the EU Council scheduled until 21 March, and the EU has been very clear: there are no more negotiations, clarifications or meetings. The Prime Minister will be bringing back the same deal she pulled last week; this is an intolerable situation, and she is simply playing for time. On Monday, in response to a question from the right hon. Member for Belfast North (Nigel Dodds) on the backstop, the Prime Minister said:€I am seeking further political and legal assurances in relation to those issues, which can be achieved in a number of ways.”- The Prime Minister must clearly set out now how she will achieve those legally binding assurances before the House is due to return on 7 January."
2018-12-06,European Union (Withdrawal) Act,547,Liam Fox,Con,"One thing that perhaps has not been fully understood in the public domain as a result of the complexities around Brexit is that it does not matter what model we want to have as the future partnership- we have to have a withdrawal agreement if there is to be any continuity. That is part of the article 50 process. We have to have a withdrawal agreement with a view to the future relationship that we will have. That is where the backstop comes in. The Irish Government, in particular, made it very clear that they would not be willing to contemplate a withdrawal agreement unless it had certain guarantees that are embodied in the backstop. On that subject, it is very clear, and I entirely understand, why many of my colleagues do not like the concept of the backstop as it is constructed. I have to say that I share, as does the Prime Minister, many of those same anxieties. It comes down to a question of trust and, as the Attorney General said in his evidence to the House the other day, it comes down to a balance of risks. Many in the House have made it very clear throughout the day that they would not trust the European Union to release Britain from the backstop. That is a big worry that many of my colleagues share. But it is equally true to say that, if you cross to the other side of the channel, there are those who take the view-which I understand is very difficult for some in this House to grasp-that this is a great and wily move on the part of the United Kingdom, because if it does not get what it wants in the future economic partnership, it could park itself in the backstop, not making any financial contribution and not having free movement, but having access to the single market. There are those in other countries who say, €Why should our taxpayers pay for the UK to have that privilege?” It would be very difficult for the Commission, which would ask, €What do we tell Norway and Switzerland, which do have to pay for that privilege of access to the single market?” We have to try to understand that this does work in both directions, difficult though that may be for us conceptually."
2019-09-03,Leaving the EU: Preparations,302,John Stevenson,Con,"Farming and the food and drinks manufacturing sector matter to the economy of Carlisle and Cumbria. Clearly, future relations with the EU will also be significant to those industries. Can the Minister confirm that he believes that adequate preparations are being made for the eventuality of a no deal, to ensure that both those industries can function properly?"
2017-01-31,European Union (Notification of Withdrawal) Bill,194,Mark Pritchard,Con,"Brexit affords huge opportunities for international trade for global Britain, and part of that global trade is with the single European market. Although there may be access to the full market-hybrid access-will the Secretary of State confirm that anything that introduces new taxes, tariffs or duties on British goods is not in our national economic interests?"
2019-02-26,Leaving the European Union,325,Theresa May,Con,"If we were in a position where we wanted to extend article 50, it would be necessary to get the agreement of the European Union to do that. Time and again, I am asked to listen to the views of this Parliament. What I have set out in my statement is that if we were in that circumstance, a motion would be brought forward and it would be for this House to decide whether it wished to ask for an extension to article 50, and that decision would then be taken to the European Union."
2018-01-18,Business of the House,206,Nicky Morgan,Con,"One of the roles of the House is to scrutinise the work of the Government. May I ask my right hon. Friend to help me to obtain proper answers to two written questions that I tabled to the Department for Exiting the European Union about the publication of a position paper by the Government on services, which constitute 80% of our economy, and financial services, which will employ more than 1 million people, during the Brexit negotiations? The answers that I have received so far have been sent from an account called €No reply”, and they truly live up to that title."
2019-04-08,European Union (Withdrawal) (No. 5) Bill,546,Bill Cash,Con,"My right hon. Friend is making an extremely good speech. Is he aware that, as I have been informed today, the withdrawal agreement and implementation Bill, which is supposed to put this appalling withdrawal agreement into domestic law, is around 120 pages long? That is what we are heading for in the next couple of weeks."
2019-02-27,UK's Withdrawal from the EU,382,Keir Starmer,Lab,"I am going to make some progress, as I have now been on my feet for 40 minutes. We are putting forward a credible plan, and we are making it clear that if it is not carried and we are left with the option of the Prime Minister's deal on her red lines or no deal, then we will put down ourselves or support a motion in favour of a public vote in order to prevent a damaging Tory Brexit. I had a section in my speech on extending article 50 and the amendment put down by others to that end. I hear what they say about that and commend their efforts to push the Government on this and to get the commitments we got yesterday and again at the Dispatch Box today. It would not have happened without a concerted effort by Members on the Opposition Benches, along with others across the House. It is extremely important that we now know that should the deal not go through on 12 March, there will be a binding vote on no deal-we have already had more than one indicating where the will of the House is-and that if that does go through there will be a binding vote on extending article 50. In those circumstances, I urge all Members to support our amendment."
2017-03-08,Engagements [Oral Answers to Questions > Oral Answers to Questions > Prime Minister > Prime Minister],88,Jeremy Corbyn,Lab,"The text said that there was a memorandum of understanding, and the Prime Minister said that there was no deal. She is now unclear about that. Did she actually know what arrangement was made with Surrey County Council? She is not keen to answer questions about that. There is another area of deep concern across the whole country. Can the Prime Minister tell us how many new school places will be needed by 2020?"
2018-06-25,Leaving the EU: Airbus Risk Assessment,253,Jessica Morden,Lab,"Many of my constituents work in Newport and in Filton. I reiterate to the Minister that the Government's failure to address the issues that Airbus raised about Brexit mean uncertain times for the workforce, and that includes the 500-plus apprenticeships that have been offered over the last five years in Wales. This is about jobs for our young people."
2016-05-18,Debate on the Address,128,Tim Farron,LibDem,"First, that is not in the Human Rights Act. Secondly, the critical thing in all of this is that, whatever one's position on the European Union, the reality is that in this world we all pool our sovereignty, whether it is in the European Union, or through an international court, the United Nations, NATO or what-have-you. The question is, what is the purpose of pooling that sovereignty? In this case, it is about us saying that we are part of an international community that puts human rights at the centre of everything we do. We must not forget that people fought and died in two world wars in the 20th century to enshrine and defend the concept of human rights. It is not for us to decide to put a line around ourselves and say that our human rights are of a lesser standard to somebody else's. Our human rights are shared because we are all human, not just because we are British. Beyond the Human Rights Act, we have the snooper's charter, which apparently refuses to go away-another repeat introduction. This should be its final outing. It must be dropped once and for all. We all want a Bill that keeps us safe and keeps the Government in check, but trying to fight terrorists by gathering more and more irrelevant information is a losing battle. Access to Facebook messages, medical records or even a child's baby monitor is completely the wrong approach. The Government must reconsider. The Liberal Democrats will take no lessons in liberalism from a Prime Minister who has tried to bring forward the most intrusive snooping legislation in the western world. He is absolutely no liberal, and when he is attacked by the right hon. Member for Chingford and Woodford Green (Mr Duncan Smith) for advantaging the rich at the expense of the poor and those living with disabilities, he is no one nation Tory either. The Prime Minister is certainly no liberal, and to accuse those who recognise that we cannot legislate away ideas of somehow being complacent or complicit in the challenges we face is utterly outrageous. The solution to extremism and radicalism is not to be found in more pages of ill-considered, ill-informed legislation; it is found by supporting communities to challenge the agendas that threaten the liberal freedoms that we all value. While all Front Benches in this place can unite on Europe-mostly-this Queen's Speech was nothing but a stopgap to give the warring factions of the Tory party a couple of day's respite from their civil war. My party sees 23 June as an opportunity to cement Britain's position in Europe as a leader on the world stage, because by remaining in together, Britain can be the most relevant it can be-the most prosperous, the most powerful, the most like the Britain we know: outward looking and decent, building peace and partnership. But it is clear that the Prime Minister sees 23 June as a moment he will be lucky to survive. This Queen's Speech did nothing to address the key issues at stake; it was just re-runs and repeats. An opportunity to put forward a radical, new, invigorating, innovative, creative and ambitious programme for Government has been missed."
2019-01-15,European Union (Withdrawal) Act,275,Geoffrey Cox,Con,"Will the hon. Lady forgive me, but I really cannot? Her own colleagues say that I am taking too long, and I must wind up. The position is that the political declaration includes two clear conditions. First, there will be no free movement. One cannot belong to the single market without participating in the four freedoms, therefore we will have a deal that admits of a spectrum of landing places where we will not belong to the single market."
2019-07-17,Nazanin Zaghari-Ratcliffe,188,Catherine West,Lab,"I thank the Minister in advance of tomorrow's meeting with me on behalf of a constituent who is in a similar position to Nazanin. On the wider implications question, is there any movement on the issue of the deal and the notion that the European Union could help with the INSTEX-Instrument in Support of Trade Exchanges-approach in providing some kind of outlet for some of this frustration, so that there is a way for Iran to fix some of its economic problems and therefore have more of a dialogue with countries such as the UK?"
2019-01-24,Support for Farmers [Oral Answers to Questions > Exiting the European Union],20,Stephen Barclay,Con,"We have already covered the fact that there is an issue for the farming community in terms of tariffs. That is why I advocate a deal and those voting against a deal need to explain the impact of that issue to farmers. However, polls are obviously selective, but a poll taken in Farmers Weekly showed that a majority of farmers supported leaving the EU. I suspect that that was because they see a brighter future where we can have high animal welfare standards and good environmental standards, building on the reforms set out in the Agriculture Bill. So instead of talking down the opportunity of Brexit for farmers, this House should be looking at the opportunities that a green Brexit will deliver."
2016-10-24,European Council,211,Theresa May,Con,"At the risk of repeating yet again what I have said previously in this House, we want to get the right deal. I want to get the best possible deal with the maximum possible opportunities for British businesses to be able to trade with Europe: to operate within the single market and to trade with it in both goods and services. That is our clear aim-we want to be able to have that good trading relationship with the European Union-but there are other things that we will be doing at the same time, such as ensuring we can control the movement of people from the European Union into the UK."
2016-10-12,Engagements [Oral Answers to Questions > Oral Answers to Questions > Prime Minister > Prime Minister],129,Theresa May,Con,"I have to say to the hon. Lady that the idea that Parliament was somehow not going to be able to discuss, debate or question issues around Brexit is, frankly, completely wrong. Let me provide her with some examples. The Secretary of State for Exiting the European Union has already made two statements-and I believe four hours of questions followed from those. A new Select Committee has been set up, which crucially includes representatives from all parts of the United Kingdom to look at these issues. Only just over a week ago, I announced that there will be a great repeal Bill in the next Session to repeal the European Communities Act 1972. Parliament will thus have every opportunity to debate this issue."
2017-02-02,Great Repeal Bill [Oral Answers to Questions > Leader of the House],166,Margaret Ferrier,SNP,"The UK Government continue to tell us that Holyrood is the most powerful devolved Parliament, yet they are not consulting Scotland on the triggering of article 50. Does the Leader of the House agree that by also refusing Scottish MPs the opportunity to vote on all areas of the great repeal Bill, the Government are doing everything possible to stop the voice of Scottish people being heard on Brexit?"
2019-06-26,Immigration,233,Caroline Nokes,Con,"On EU settled status, we have absolutely said to our EU friends, neighbours and colleagues not just, €You can stay,” but, €We want you to stay.” That is an important message, which I will continue repeating both in the House and outside it. We have put in place a system that is simple and straightforward. In the vast majority of cases, people's applications are being determined within one to four working days, and satisfaction with the scheme is high. We are at a point where well over 800,000 people have been through the scheme, and it is important that we continue to move from the current phase to making sure that as many as possible access their status. That is why we have put in place up to £9 million of funding for 57 voluntary and community organisations across the UK to help us to reach out to an estimated 200,000 vulnerable or at-risk EU citizens and help them apply. There are over 300 assisted digital locations across the UK, where people can be supported through their application, and it is important to reflect the fact that the scheme is working. Furthermore, it has been built at pace, is successfully delivering in large volumes, and is protecting vulnerable individuals, which demonstrates how the Home Office is building for the future. I am proud to serve as Immigration Minister at this time of unprecedented change, during which we are engaging with stakeholders right across the country to build our future borders and immigration system, and I very much look forward to hearing further contributions from hon. Members this afternoon."
2017-04-20,"Food and Drink Sector [Oral Answers to Questions > Environment, Food and Rural Affairs]",39,Calum Kerr,SNP,"My first DEFRA question, on 18 June 2015, was on convergence uplift. Now, â‚¬230 million should have flowed to Scottish farming. Since then, the Minister has demonstrated an uncanny ability to procrastinate, which my children could only envy. However, this is not children's homework or getting to bed on time; it is fundamental money that is important to Scottish farming and it is now a matter of trust. The Minister wants us to believe that we can trust this Government with post-Brexit UK policy. Where is that money? How on earth can Scottish farming trust this Government and the Tories?"
2017-03-28,Topical Questions [Oral Answers to Questions > FOREIGN AND COMMONWEALTH OFFICE],151,Tom Pursglove,Con,"One forum where we foster our relationships with other European countries is the Council of Europe. As we leave the European Union, what role do Ministers see the Council of Europe playing? Can we deepen those relationships further?"
2016-05-23,UK Economy: Post-Referendum Assessment,47,David Gauke,Con,"First of all, may I say that I have an awful lot of time for my hon. Friend normally, but that I disagree with the points he makes? On trading arrangements, it is impossible to see how we could negotiate a trading arrangement as strong as the one we have at the moment. Access to the single market and its benefits, particularly in the context of non-tariff barriers, is very important. We would undoubtedly be a less open economy as a consequence of leaving the EU. On the report and trying to scare people, it is worth pointing out the Treasury's assumptions and what the Treasury is not suggesting is underlying what will happen. We are not putting forward a view that there will be an immediate financial crisis-for example, a current account crisis. We are saying that we can reach a deal within two years, which, I have to say, is ambitious. We are not saying, under the shock scenario, that there would be any economic contagion as a consequence of the UK leaving the European Union. If we wanted to put a much more dramatic, scary report together, there are a number of things we could have included in the report, but simply did not. This was a cautious, careful, small €c” conservative report, which, as I say, has been signed off by perhaps the leading authority in this area in this country."
2016-07-12,EU Referendum: Energy and Environment,225,Barry Gardiner,Lab,"No, I will not. The fact is that fish and birds and insects do not carry passports; pollution is oblivious to the strictures of national airspace or inshore waters. If we wish to manage all of these, whether as pests, problems or resources, then it is better to do so in concert with our regional neighbours. The vote to leave the EU has made that harder. The Government must outline how they propose to overcome that problem. The Environment Secretary told the House last week that the subject of continued subsidies to farmers up to 2020€is not a decision I can make at this stage.”- Surely it is a decision that should have been made long before anyone asked farmers to vote to leave the EU. Much of the subsidy that farmers receive is for environmental stewardship schemes and other land management practices that benefit biodiversity and wildlife. To turn round to farmers now and say that the £3.5 billion total of subsidy that used to flow each year from the EU into their pockets is no longer secure is not just an attack on farmers' livelihoods; it is an attack on all the work that farmers do to enhance our environment and protect our landscapes. These are not abstract challenges. Managing the risks born of the uncertainty from the referendum outcome is a responsibility for Government. Ministers must urgently identify any legislative gaps in environmental protection that may arise from the removal of EU law, and develop plans to replace any protections so that the UK does not become a riskier, unhealthier or more polluted place to live in or do business in."
2019-09-03,European Union (Withdrawal),403,Oliver Letwin,Con,"Uncertainty does create difficulty for business. A no-deal exit will create a great deal more difficulty for business, in my judgment. The purpose of the extension, which will no doubt be debated extensively if this motion is passed and there is a debate on the Bill tomorrow, is very clear. It is to provide the Government with the time to seek to solve this problem and to enable Parliament to help to resolve an issue that has proved very difficult."
2016-02-25,European Affairs,392,Hilary Benn,Lab,"The Labour party's position is to respect the decision that the Scottish people took in the referendum when they rejected independence. We are one United Kingdom, and the decision will be taken by the people of the United Kingdom. Labour Members are clear that we support Britain remaining a member of the European Union. We held that view before the renegotiation, and we hold it today. The European Union has brought us jobs, growth, investment and security, and I argue that it gives us influence in the world. Before exploring each of those benefits in turn, let me briefly address two essential arguments made by those Conservative Members who think that we should leave-namely, sovereignty and taking back control."
2018-03-21,UK-EU: International Development,586,Colin Clark,Con,"It is a pleasure to serve under your chairmanship again this week, Mr Hanson. I congratulate the hon. Member for Stockton South (Dr Williams) on securing this important debate on an important subject. International development has been one of the UK Government's great success stories, as the hon. Gentleman recognises. We have met our commitment to spending 0.7% of gross national income on overseas aid; we are one of just seven countries in the world to do so. Working bilaterally and multilaterally, we have made progress towards reaching the 2030 global goals. That success is to be applauded, and I have every confidence that it will continue after Brexit, when the £1.5 billion- 11% of our overseas aid spending-that we currently funnel through the EU's development programmes comes under our control. Of course, if we are to maintain our 0.7% target, we must continue to spend that money on overseas aid, but we do not have to spend it all in the same way. Arguably, the EU still sends too much of its aid to middle-income countries that benefit either from being candidates for accession or simply from being near the EU. In 2016, for instance, the top five beneficiaries of overseas aid from EU institutions were Turkey, Morocco, Ukraine, Serbia and Tunisia, all of which are very much middle-income countries. One of this Conservative Government's great achievements in aid is the rigour that we have brought to the Department for International Development, which ensures that UK aid is spent as wisely and effectively as possible. I look forward to the aid that we funnel through the EU being subjected to the same focus. It is important to note that a lot of EU overseas aid work is excellent and helps some of the world's poorest people, but it also benefits middle-income countries, as I said. Britain, the EU, other developed economies and organisations such as the UN are all in the same fight to eradicate poverty and hunger and build a better world. As the hon. Gentleman said, there are cases in which multilateral aid-whether given through the UN, through another global organisation or through the EU-maximises the impact of our aid money and helps it to reach places and people that we could not reach alone. We should therefore be willing to continue working and co-operating with the EU on certain international development projects that we deem appropriate. I hope that the UK Government will express that wish to EU leaders as we negotiate Brexit and as the EU formulates its post-2020 overseas aid policy. If the EU puts our common goal of a poverty-free world first, it should accept our willingness to join in with some projects. I am optimistic about the future of our international development policy. As the hon. Gentleman recognises, Britain can hold its head high: we have a proud record of giving significantly more money than most EU states. I hope we will get the control we need to ensure that our money is spent in the best way possible, while leaving the door open to co-operation with the EU where it is best not just for us and the EU, but for the world as a whole."
2019-07-02,Leaving the EU: Scotland [Oral Answers to Questions > Treasury],20,Philip Hammond,Con,"I have consistently made the case and explained to this House that there is fiscal headroom within the current fiscal rules. If we have a smooth exit from the European Union through a transition that will remove the economic uncertainty that is hanging over our economy, it will then be safe to release that headroom and make it available for additional public spending or, at the choice of the next Government, to reduce taxation. Either way, we have the headroom available once we have removed the Brexit uncertainty."
2018-03-01,Seasonal Migrant Workers,385,John Lamont,Con,"I understand that Lib-Dem party policy is for us to go back into Europe, but the reality is that the British people have voted in a referendum to leave the European Union. We have to accept the democratic decision of our fellow countrymen and women and I do not accept any suggestion that we should veto that or say that they have not made the right decision. We now need to get on with Brexit to deliver the best result for all our constituents-for Scotland and all of the United Kingdom. I appreciate that the Lib Dems do not agree with that, but we must now get on with Brexit as best we can. As I said, we need to deal with immigration on a UK-wide basis, rather than take a Scotland-only approach. Instead of constantly pushing for differentiation from the United Kingdom, the Scottish Government would better serve farmers by working with their UK counterparts to ensure that we develop a seasonal migrant system to meet the needs of Scottish farmers. I conclude by congratulating my hon. Friend the Member for Angus again on bringing this important debate to the attention of the House, and I look forward to working closely with her, and the United Kingdom Government, to get the best deal for Scottish farmers."
