hop_group,metric,hybrid_rag,graphrag,difference
1-hop,mrr,0.7797,0.8179,0.0382
1-hop,ndcg_5,0.8376,0.8485,0.0109
1-hop,bert_score,0.8049,0.7898,-0.0151
1-hop,faithfulness,0.1241,0.1154,-0.0087
1-hop,answer_relevancy,0.4927,0.6274,0.1347
1-hop,context_precision,0.4131,0.531,0.1179
1-hop,speaker_div_ret,4.3571,5.0,0.6429
2-hop,mrr,0.5979,0.6274,0.0295
2-hop,ndcg_5,0.7236,0.7314,0.0078
2-hop,bert_score,0.7984,0.7861,-0.0123
2-hop,faithfulness,0.1523,0.1422,-0.0101
2-hop,answer_relevancy,0.7122,0.4953,-0.2169
2-hop,context_precision,0.3412,0.3608,0.0196
2-hop,speaker_div_ret,4.0,5.0,1.0
3-hop,mrr,0.7982,0.8421,0.0439
3-hop,ndcg_5,0.844,0.8727,0.0287
3-hop,bert_score,0.7952,0.7839,-0.0113
3-hop,faithfulness,0.0718,0.1096,0.0378
3-hop,answer_relevancy,0.5524,0.5114,-0.041
3-hop,context_precision,0.5651,0.5022,-0.0629
3-hop,speaker_div_ret,4.1053,4.9474,0.8421
